{"cameraMode":{"drawMode":0,"name":"Shaded","section":"Shading Mode"},"sceneLighting":false,"audioPlay":false,"sceneViewState":{"showFog":true,"showMaterialUpdate":false,"showSkybox":true,"showFlares":true,"showImageEffects":true,"showParticleSystems":true},"in2DMode":false,"pivot":{"x":-4.72308874130249,"y":-2.315655469894409,"z":1.859452486038208},"rotation":{"x":-0.1669921875,"y":0.6422775983810425,"z":-0.146197110414505,"w":-0.7336345314979553},"size":4.0915069580078129,"orthographic":false}