{"cameraMode":{"drawMode":0,"name":"Shaded","section":"Shading Mode"},"sceneLighting":false,"audioPlay":false,"sceneViewState":{"showFog":true,"showMaterialUpdate":false,"showSkybox":true,"showFlares":true,"showImageEffects":true,"showParticleSystems":true},"in2DMode":false,"pivot":{"x":-0.7668933868408203,"y":1.4362211227416993,"z":-1.1325080394744874},"rotation":{"x":-0.1429087072610855,"y":0.6637099981307983,"z":-0.13130265474319459,"w":-0.7223751544952393},"size":27.587738037109376,"orthographic":false}