{"cameraMode":{"drawMode":0,"name":"Shaded","section":"Shading Mode"},"sceneLighting":false,"audioPlay":false,"sceneViewState":{"showFog":true,"showMaterialUpdate":false,"showSkybox":true,"showFlares":true,"showImageEffects":true,"showParticleSystems":true},"in2DMode":false,"pivot":{"x":1.6120612621307374,"y":1.9500001668930054,"z":19.127933502197267},"rotation":{"x":-0.010495510883629322,"y":-0.028494184836745263,"z":0.0002992384252138436,"w":-0.9995388388633728},"size":189.9114990234375,"orthographic":false}