{"cameraMode":{"drawMode":0,"name":"Shaded","section":"Shading Mode"},"sceneLighting":false,"audioPlay":false,"sceneViewState":{"showFog":true,"showMaterialUpdate":false,"showSkybox":true,"showFlares":true,"showImageEffects":true,"showParticleSystems":true},"in2DMode":false,"pivot":{"x":0.0,"y":-0.44850000739097597,"z":-29.204999923706056},"rotation":{"x":0.010435509495437146,"y":-0.8335631489753723,"z":0.5521008968353272,"w":0.01575480028986931},"size":19.089385986328126,"orthographic":true}