{"cameraMode":{"drawMode":0,"name":"Shaded","section":"Shading Mode"},"sceneLighting":true,"audioPlay":false,"sceneViewState":{"showFog":true,"showMaterialUpdate":false,"showSkybox":true,"showFlares":true,"showImageEffects":true,"showParticleSystems":true},"in2DMode":false,"pivot":{"x":-4.72308874130249,"y":-2.315655469894409,"z":1.859452486038208},"rotation":{"x":-0.14729629456996919,"y":0.6680959463119507,"z":-0.13738508522510529,"w":-0.7162939310073853},"size":23.07859992980957,"orthographic":false}