{"cameraMode":{"drawMode":0,"name":"Shaded","section":"Shading Mode"},"sceneLighting":true,"audioPlay":false,"sceneViewState":{"showFog":true,"showMaterialUpdate":false,"showSkybox":true,"showFlares":true,"showImageEffects":true,"showParticleSystems":true},"in2DMode":false,"pivot":{"x":-13.672420501708985,"y":0.9729146957397461,"z":-12.759048461914063},"rotation":{"x":-0.11271023750305176,"y":0.6947936415672302,"z":-0.11163323372602463,"w":-0.7014957070350647},"size":42.84291076660156,"orthographic":false}