{"cameraMode":{"drawMode":0,"name":"Shaded","section":"Shading Mode"},"sceneLighting":false,"audioPlay":false,"sceneViewState":{"showFog":true,"showMaterialUpdate":false,"showSkybox":true,"showFlares":true,"showImageEffects":true,"showParticleSystems":true},"in2DMode":false,"pivot":{"x":-358.67657470703127,"y":191.40057373046876,"z":100.57618713378906},"rotation":{"x":-0.059801679104566577,"y":0.9301882982254028,"z":-0.316753625869751,"w":-0.17561525106430055},"size":180.08673095703126,"orthographic":false}