{"cameraMode":{"drawMode":0,"name":"Shaded","section":"Shading Mode"},"sceneLighting":false,"audioPlay":false,"sceneViewState":{"showFog":true,"showMaterialUpdate":false,"showSkybox":true,"showFlares":true,"showImageEffects":true,"showParticleSystems":true},"in2DMode":false,"pivot":{"x":0.5682519674301148,"y":-3.6021997928619386,"z":-1.718782663345337},"rotation":{"x":-0.08831508457660675,"y":0.6992873549461365,"z":-0.087733693420887,"w":-0.703917920589447},"size":21.820117950439454,"orthographic":false}