{"cameraMode":{"drawMode":0,"name":"Shaded","section":"Shading Mode"},"sceneLighting":false,"audioPlay":false,"sceneViewState":{"showFog":true,"showMaterialUpdate":false,"showSkybox":true,"showFlares":true,"showImageEffects":true,"showParticleSystems":true},"in2DMode":false,"pivot":{"x":1.7454125881195069,"y":1.9500001668930054,"z":48.371707916259769},"rotation":{"x":0.13903920352458955,"y":-0.011286649852991104,"z":0.0015844394220039249,"w":0.9902213215827942},"size":192.28176879882813,"orthographic":true}