{"cameraMode":{"drawMode":0,"name":"Shaded","section":"Shading Mode"},"sceneLighting":false,"audioPlay":false,"sceneViewState":{"showFog":true,"showMaterialUpdate":false,"showSkybox":true,"showFlares":true,"showImageEffects":true,"showParticleSystems":true},"in2DMode":false,"pivot":{"x":0.03816986083984375,"y":0.000008821487426757813,"z":0.39992672204971316},"rotation":{"x":-0.15075157582759858,"y":0.6496161222457886,"z":-0.1335848718881607,"w":-0.7330948710441589},"size":19.43905258178711,"orthographic":false}