{"cameraMode":{"drawMode":0,"name":"Shaded","section":"Shading Mode"},"sceneLighting":false,"audioPlay":false,"sceneViewState":{"showFog":true,"showMaterialUpdate":false,"showSkybox":true,"showFlares":true,"showImageEffects":true,"showParticleSystems":true},"in2DMode":false,"pivot":{"x":2.3080224990844728,"y":-2.562520980834961,"z":-6.228135108947754},"rotation":{"x":-0.02277250774204731,"y":0.9731003642082214,"z":-0.11024335026741028,"w":-0.20100654661655427},"size":27.160400390625,"orthographic":false}