{"cameraMode":{"drawMode":0,"name":"Shaded","section":"Shading Mode"},"sceneLighting":false,"audioPlay":false,"sceneViewState":{"showFog":true,"showMaterialUpdate":false,"showSkybox":true,"showFlares":true,"showImageEffects":true,"showParticleSystems":true},"in2DMode":false,"pivot":{"x":-10.092613220214844,"y":-10.431682586669922,"z":2.16640567779541},"rotation":{"x":0.3300988972187042,"y":-0.4964229464530945,"z":0.2115822583436966,"w":0.7744882702827454},"size":83.22016143798828,"orthographic":false}