{"cameraMode":{"drawMode":0,"name":"Shaded","section":"Shading Mode"},"sceneLighting":true,"audioPlay":false,"sceneViewState":{"showFog":true,"showMaterialUpdate":false,"showSkybox":true,"showFlares":true,"showImageEffects":true,"showParticleSystems":true},"in2DMode":false,"pivot":{"x":0.5353317260742188,"y":26.309295654296876,"z":-31.69957160949707},"rotation":{"x":-0.20804047584533692,"y":0.674339234828949,"z":-0.20704564452171327,"w":-0.6775823831558228},"size":34.85542678833008,"orthographic":false}